PassengerId,Sex,Age,Pclass,Companions,Fare,Embarked_C,Embarked_Q,Embarked_S,Survived
1,male,22.0,3,1,7.25,0,0,1,0
2,female,38.0,1,1,71.28,1,0,0,1
3,female,26.0,3,0,7.92,0,0,1,1
4,female,35.0,1,1,53.1,0,0,1,1
5,male,35.0,3,0,8.05,0,0,1,0
6,male,30.0,3,0,8.46,0,1,0,0
7,male,54.0,1,0,51.86,0,0,1,0
8,male,2.0,3,1,21.07,0,0,1,0
9,female,27.0,3,0,11.13,0,0,1,1
10,female,14.0,2,1,30.07,1,0,0,1
11,female,4.0,3,1,16.7,0,0,1,1
12,female,58.0,1,0,26.55,0,0,1,1
13,male,20.0,3,0,8.05,0,0,1,0
14,male,39.0,3,1,31.27,0,0,1,0
15,female,14.0,3,0,7.85,0,0,1,0
16,female,55.0,2,0,16.0,0,0,1,1
17,male,2.0,3,1,29.12,0,1,0,0
18,male,30.0,2,0,13.0,0,0,1,1
19,female,31.0,3,1,18.0,0,0,1,0
20,female,30.0,3,0,7.22,1,0,0,1
21,male,35.0,2,0,26.0,0,0,1,0
22,male,34.0,2,0,13.0,0,0,1,1
23,female,15.0,3,0,8.03,0,1,0,1
24,male,28.0,1,0,35.5,0,0,1,1
25,female,8.0,3,1,21.07,0,0,1,0
26,female,38.0,3,1,31.39,0,0,1,1
27,male,30.0,3,0,7.22,1,0,0,0
28,male,19.0,1,1,263.0,0,0,1,0
29,female,30.0,3,0,7.88,0,1,0,1
30,male,30.0,3,0,7.9,0,0,1,0
31,male,40.0,1,0,27.72,1,0,0,0
32,female,30.0,1,1,146.52,1,0,0,1
33,female,30.0,3,0,7.75,0,1,0,1
34,male,66.0,2,0,10.5,0,0,1,0
35,male,28.0,1,1,82.17,1,0,0,0
36,male,42.0,1,1,52.0,0,0,1,0
37,male,30.0,3,0,7.23,1,0,0,1
38,male,21.0,3,0,8.05,0,0,1,0
39,female,18.0,3,1,18.0,0,0,1,0
40,female,14.0,3,1,11.24,1,0,0,1
41,female,40.0,3,1,9.47,0,0,1,0
42,female,27.0,2,1,21.0,0,0,1,0
43,male,30.0,3,0,7.9,1,0,0,0
44,female,3.0,2,1,41.58,1,0,0,1
45,female,19.0,3,0,7.88,0,1,0,1
46,male,30.0,3,0,8.05,0,0,1,0
47,male,30.0,3,1,15.5,0,1,0,0
48,female,30.0,3,0,7.75,0,1,0,1
49,male,30.0,3,1,21.68,1,0,0,0
50,female,18.0,3,1,17.8,0,0,1,0
51,male,7.0,3,1,39.69,0,0,1,0
52,male,21.0,3,0,7.8,0,0,1,0
53,female,49.0,1,1,76.73,1,0,0,1
54,female,29.0,2,1,26.0,0,0,1,1
55,male,65.0,1,0,61.98,1,0,0,0
56,male,30.0,1,0,35.5,0,0,1,1
57,female,21.0,2,0,10.5,0,0,1,1
58,male,28.0,3,0,7.23,1,0,0,0
59,female,5.0,2,1,27.75,0,0,1,1
60,male,11.0,3,1,46.9,0,0,1,0
61,male,22.0,3,0,7.23,1,0,0,0
62,female,38.0,1,0,80.0,0,0,1,1
63,male,45.0,1,1,83.47,0,0,1,0
64,male,4.0,3,1,27.9,0,0,1,0
65,male,30.0,1,0,27.72,1,0,0,0
66,male,30.0,3,1,15.25,1,0,0,1
67,female,29.0,2,0,10.5,0,0,1,1
68,male,19.0,3,0,8.16,0,0,1,0
69,female,17.0,3,1,7.92,0,0,1,1
70,male,26.0,3,1,8.66,0,0,1,0
71,male,32.0,2,0,10.5,0,0,1,0
72,female,16.0,3,1,46.9,0,0,1,0
73,male,21.0,2,0,73.5,0,0,1,0
74,male,26.0,3,1,14.45,1,0,0,0
75,male,32.0,3,0,56.5,0,0,1,1
76,male,25.0,3,0,7.65,0,0,1,0
77,male,30.0,3,0,7.9,0,0,1,0
78,male,30.0,3,0,8.05,0,0,1,0
79,male,0.83,2,0,29.0,0,0,1,1
80,female,30.0,3,0,12.47,0,0,1,1
81,male,22.0,3,0,9.0,0,0,1,0
82,male,29.0,3,0,9.5,0,0,1,1
83,female,30.0,3,0,7.79,0,1,0,1
84,male,28.0,1,0,47.1,0,0,1,0
85,female,17.0,2,0,10.5,0,0,1,1
86,female,33.0,3,1,15.85,0,0,1,1
87,male,16.0,3,1,34.38,0,0,1,0
88,male,30.0,3,0,8.05,0,0,1,0
89,female,23.0,1,1,263.0,0,0,1,1
90,male,24.0,3,0,8.05,0,0,1,0
91,male,29.0,3,0,8.05,0,0,1,0
92,male,20.0,3,0,7.85,0,0,1,0
93,male,46.0,1,1,61.17,0,0,1,0
94,male,26.0,3,1,20.57,0,0,1,0
95,male,59.0,3,0,7.25,0,0,1,0
96,male,30.0,3,0,8.05,0,0,1,0
97,male,71.0,1,0,34.65,1,0,0,0
98,male,23.0,1,0,63.36,1,0,0,1
99,female,34.0,2,0,23.0,0,0,1,1
100,male,34.0,2,1,26.0,0,0,1,0
101,female,28.0,3,0,7.9,0,0,1,0
102,male,30.0,3,0,7.9,0,0,1,0
103,male,21.0,1,0,77.29,0,0,1,0
104,male,33.0,3,0,8.65,0,0,1,0
105,male,37.0,3,1,7.92,0,0,1,0
106,male,28.0,3,0,7.9,0,0,1,0
107,female,21.0,3,0,7.65,0,0,1,1
108,male,30.0,3,0,7.78,0,0,1,1
109,male,38.0,3,0,7.9,0,0,1,0
110,female,30.0,3,1,24.15,0,1,0,1
111,male,47.0,1,0,52.0,0,0,1,0
112,female,14.0,3,1,14.45,1,0,0,0
113,male,22.0,3,0,8.05,0,0,1,0
114,female,20.0,3,1,9.82,0,0,1,0
115,female,17.0,3,0,14.46,1,0,0,0
116,male,21.0,3,0,7.92,0,0,1,0
117,male,70.0,3,0,7.75,0,1,0,0
118,male,29.0,2,1,21.0,0,0,1,0
119,male,24.0,1,0,247.52,1,0,0,0
120,female,2.0,3,1,31.27,0,0,1,0
121,male,21.0,2,1,73.5,0,0,1,0
122,male,30.0,3,0,8.05,0,0,1,0
123,male,32.0,2,1,30.07,1,0,0,0
124,female,32.0,2,0,13.0,0,0,1,1
125,male,54.0,1,0,77.29,0,0,1,0
126,male,12.0,3,1,11.24,1,0,0,1
127,male,30.0,3,0,7.75,0,1,0,0
128,male,24.0,3,0,7.14,0,0,1,1
129,female,30.0,3,1,22.36,1,0,0,1
130,male,45.0,3,0,6.97,0,0,1,0
131,male,33.0,3,0,7.9,1,0,0,0
132,male,20.0,3,0,7.05,0,0,1,0
133,female,47.0,3,1,14.5,0,0,1,0
134,female,29.0,2,1,26.0,0,0,1,1
135,male,25.0,2,0,13.0,0,0,1,0
136,male,23.0,2,0,15.05,1,0,0,0
137,female,19.0,1,0,26.28,0,0,1,1
138,male,37.0,1,1,53.1,0,0,1,0
139,male,16.0,3,0,9.22,0,0,1,0
140,male,24.0,1,0,79.2,1,0,0,0
141,female,30.0,3,0,15.25,1,0,0,0
142,female,22.0,3,0,7.75,0,0,1,1
143,female,24.0,3,1,15.85,0,0,1,1
144,male,19.0,3,0,6.75,0,1,0,0
145,male,18.0,2,0,11.5,0,0,1,0
146,male,19.0,2,1,36.75,0,0,1,0
147,male,27.0,3,0,7.8,0,0,1,1
148,female,9.0,3,1,34.38,0,0,1,0
149,male,36.0,2,0,26.0,0,0,1,0
150,male,42.0,2,0,13.0,0,0,1,0
151,male,51.0,2,0,12.53,0,0,1,0
152,female,22.0,1,1,66.6,0,0,1,1
153,male,56.0,3,0,8.05,0,0,1,0
154,male,40.0,3,0,14.5,0,0,1,0
155,male,30.0,3,0,7.31,0,0,1,0
156,male,51.0,1,0,61.38,1,0,0,0
157,female,16.0,3,0,7.73,0,1,0,1
158,male,30.0,3,0,8.05,0,0,1,0
159,male,30.0,3,0,8.66,0,0,1,0
160,male,30.0,3,1,69.55,0,0,1,0
161,male,44.0,3,0,16.1,0,0,1,0
162,female,40.0,2,0,15.75,0,0,1,1
163,male,26.0,3,0,7.78,0,0,1,0
164,male,17.0,3,0,8.66,0,0,1,0
165,male,1.0,3,1,39.69,0,0,1,0
166,male,9.0,3,0,20.52,0,0,1,1
167,female,30.0,1,0,55.0,0,0,1,1
168,female,45.0,3,1,27.9,0,0,1,0
169,male,30.0,1,0,25.93,0,0,1,0
170,male,28.0,3,0,56.5,0,0,1,0
171,male,61.0,1,0,33.5,0,0,1,0
172,male,4.0,3,1,29.12,0,1,0,0
173,female,1.0,3,1,11.13,0,0,1,1
174,male,21.0,3,0,7.92,0,0,1,0
175,male,56.0,1,0,30.7,1,0,0,0
176,male,18.0,3,1,7.85,0,0,1,0
177,male,30.0,3,1,25.47,0,0,1,0
178,female,50.0,1,0,28.71,1,0,0,0
179,male,30.0,2,0,13.0,0,0,1,0
180,male,36.0,3,0,0.0,0,0,1,0
181,female,30.0,3,1,69.55,0,0,1,0
182,male,30.0,2,0,15.05,1,0,0,0
183,male,9.0,3,1,31.39,0,0,1,0
184,male,1.0,2,1,39.0,0,0,1,1
185,female,4.0,3,0,22.02,0,0,1,1
186,male,30.0,1,0,50.0,0,0,1,0
187,female,30.0,3,1,15.5,0,1,0,1
188,male,45.0,1,0,26.55,0,0,1,1
189,male,40.0,3,1,15.5,0,1,0,0
190,male,36.0,3,0,7.9,0,0,1,0
191,female,32.0,2,0,13.0,0,0,1,1
192,male,19.0,2,0,13.0,0,0,1,0
193,female,19.0,3,1,7.85,0,0,1,1
194,male,3.0,2,1,26.0,0,0,1,1
195,female,44.0,1,0,27.72,1,0,0,1
196,female,58.0,1,0,146.52,1,0,0,1
197,male,30.0,3,0,7.75,0,1,0,0
198,male,42.0,3,0,8.4,0,0,1,0
199,female,30.0,3,0,7.75,0,1,0,1
200,female,24.0,2,0,13.0,0,0,1,0
201,male,28.0,3,0,9.5,0,0,1,0
202,male,30.0,3,1,69.55,0,0,1,0
203,male,34.0,3,0,6.5,0,0,1,0
204,male,46.0,3,0,7.22,1,0,0,0
205,male,18.0,3,0,8.05,0,0,1,1
206,female,2.0,3,0,10.46,0,0,1,0
207,male,32.0,3,1,15.85,0,0,1,0
208,male,26.0,3,0,18.79,1,0,0,1
209,female,16.0,3,0,7.75,0,1,0,1
210,male,40.0,1,0,31.0,1,0,0,1
211,male,24.0,3,0,7.05,0,0,1,0
212,female,35.0,2,0,21.0,0,0,1,1
213,male,22.0,3,0,7.25,0,0,1,0
214,male,30.0,2,0,13.0,0,0,1,0
215,male,30.0,3,1,7.75,0,1,0,0
216,female,31.0,1,1,113.28,1,0,0,1
217,female,27.0,3,0,7.92,0,0,1,1
218,male,42.0,2,1,27.0,0,0,1,0
219,female,32.0,1,0,76.29,1,0,0,1
220,male,30.0,2,0,10.5,0,0,1,0
221,male,16.0,3,0,8.05,0,0,1,1
222,male,27.0,2,0,13.0,0,0,1,0
223,male,51.0,3,0,8.05,0,0,1,0
224,male,30.0,3,0,7.9,0,0,1,0
225,male,38.0,1,1,90.0,0,0,1,1
226,male,22.0,3,0,9.35,0,0,1,0
227,male,19.0,2,0,10.5,0,0,1,1
228,male,20.0,3,0,7.25,0,0,1,0
229,male,18.0,2,0,13.0,0,0,1,0
230,female,30.0,3,1,25.47,0,0,1,0
231,female,35.0,1,1,83.47,0,0,1,1
232,male,29.0,3,0,7.78,0,0,1,0
233,male,59.0,2,0,13.5,0,0,1,0
234,female,5.0,3,1,31.39,0,0,1,1
235,male,24.0,2,0,10.5,0,0,1,0
236,female,30.0,3,0,7.55,0,0,1,0
237,male,44.0,2,1,26.0,0,0,1,0
238,female,8.0,2,0,26.25,0,0,1,1
239,male,19.0,2,0,10.5,0,0,1,0
240,male,33.0,2,0,12.28,0,0,1,0
241,female,30.0,3,1,14.45,1,0,0,0
242,female,30.0,3,1,15.5,0,1,0,1
243,male,29.0,2,0,10.5,0,0,1,0
244,male,22.0,3,0,7.12,0,0,1,0
245,male,30.0,3,0,7.22,1,0,0,0
246,male,44.0,1,1,90.0,0,1,0,0
247,female,25.0,3,0,7.78,0,0,1,0
248,female,24.0,2,0,14.5,0,0,1,1
249,male,37.0,1,1,52.55,0,0,1,1
250,male,54.0,2,1,26.0,0,0,1,0
251,male,30.0,3,0,7.25,0,0,1,0
252,female,29.0,3,1,10.46,0,0,1,0
253,male,62.0,1,0,26.55,0,0,1,0
254,male,30.0,3,1,16.1,0,0,1,0
255,female,41.0,3,0,20.21,0,0,1,0
256,female,29.0,3,0,15.25,1,0,0,1
257,female,30.0,1,0,79.2,1,0,0,1
258,female,30.0,1,0,86.5,0,0,1,1
259,female,35.0,1,0,512.33,1,0,0,1
260,female,50.0,2,0,26.0,0,0,1,1
261,male,30.0,3,0,7.75,0,1,0,0
262,male,3.0,3,1,31.39,0,0,1,1
263,male,52.0,1,1,79.65,0,0,1,0
264,male,40.0,1,0,0.0,0,0,1,0
265,female,30.0,3,0,7.75,0,1,0,0
266,male,36.0,2,0,10.5,0,0,1,0
267,male,16.0,3,1,39.69,0,0,1,0
268,male,25.0,3,1,7.78,0,0,1,1
269,female,58.0,1,0,153.46,0,0,1,1
270,female,35.0,1,0,135.63,0,0,1,1
271,male,30.0,1,0,31.0,0,0,1,0
272,male,25.0,3,0,0.0,0,0,1,1
273,female,41.0,2,0,19.5,0,0,1,1
274,male,37.0,1,0,29.7,1,0,0,0
275,female,30.0,3,0,7.75,0,1,0,1
276,female,63.0,1,1,77.96,0,0,1,1
277,female,45.0,3,0,7.75,0,0,1,0
278,male,30.0,2,0,0.0,0,0,1,0
279,male,7.0,3,1,29.12,0,1,0,0
280,female,35.0,3,1,20.25,0,0,1,1
281,male,65.0,3,0,7.75,0,1,0,0
282,male,28.0,3,0,7.85,0,0,1,0
283,male,16.0,3,0,9.5,0,0,1,0
284,male,19.0,3,0,8.05,0,0,1,1
285,male,30.0,1,0,26.0,0,0,1,0
286,male,33.0,3,0,8.66,1,0,0,0
287,male,30.0,3,0,9.5,0,0,1,1
288,male,22.0,3,0,7.9,0,0,1,0
289,male,42.0,2,0,13.0,0,0,1,1
290,female,22.0,3,0,7.75,0,1,0,1
291,female,26.0,1,0,78.85,0,0,1,1
292,female,19.0,1,1,91.08,1,0,0,1
293,male,36.0,2,0,12.88,1,0,0,0
294,female,24.0,3,0,8.85,0,0,1,0
295,male,24.0,3,0,7.9,0,0,1,0
296,male,30.0,1,0,27.72,1,0,0,0
297,male,24.0,3,0,7.23,1,0,0,0
298,female,2.0,1,1,151.55,0,0,1,0
299,male,30.0,1,0,30.5,0,0,1,1
300,female,50.0,1,0,247.52,1,0,0,1
301,female,30.0,3,0,7.75,0,1,0,1
302,male,30.0,3,1,23.25,0,1,0,1
303,male,19.0,3,0,0.0,0,0,1,0
304,female,30.0,2,0,12.35,0,1,0,1
305,male,30.0,3,0,8.05,0,0,1,0
306,male,0.92,1,1,151.55,0,0,1,1
307,female,30.0,1,0,110.88,1,0,0,1
308,female,17.0,1,1,108.9,1,0,0,1
309,male,30.0,2,1,24.0,1,0,0,0
310,female,30.0,1,0,56.93,1,0,0,1
311,female,24.0,1,0,83.16,1,0,0,1
312,female,18.0,1,1,262.38,1,0,0,1
313,female,26.0,2,1,26.0,0,0,1,0
314,male,28.0,3,0,7.9,0,0,1,0
315,male,43.0,2,1,26.25,0,0,1,0
316,female,26.0,3,0,7.85,0,0,1,1
317,female,24.0,2,1,26.0,0,0,1,1
318,male,54.0,2,0,14.0,0,0,1,0
319,female,31.0,1,0,164.87,0,0,1,1
320,female,40.0,1,1,134.5,1,0,0,1
321,male,22.0,3,0,7.25,0,0,1,0
322,male,27.0,3,0,7.9,0,0,1,0
323,female,30.0,2,0,12.35,0,1,0,1
324,female,22.0,2,1,29.0,0,0,1,1
325,male,30.0,3,1,69.55,0,0,1,0
326,female,36.0,1,0,135.63,1,0,0,1
327,male,61.0,3,0,6.24,0,0,1,0
328,female,36.0,2,0,13.0,0,0,1,1
329,female,31.0,3,1,20.52,0,0,1,1
330,female,16.0,1,0,57.98,1,0,0,1
331,female,30.0,3,1,23.25,0,1,0,1
332,male,46.0,1,0,28.5,0,0,1,0
333,male,38.0,1,0,153.46,0,0,1,0
334,male,16.0,3,1,18.0,0,0,1,0
335,female,30.0,1,1,133.65,0,0,1,1
336,male,30.0,3,0,7.9,0,0,1,0
337,male,29.0,1,1,66.6,0,0,1,0
338,female,41.0,1,0,134.5,1,0,0,1
339,male,45.0,3,0,8.05,0,0,1,1
340,male,45.0,1,0,35.5,0,0,1,0
341,male,2.0,2,1,26.0,0,0,1,1
342,female,24.0,1,1,263.0,0,0,1,1
343,male,28.0,2,0,13.0,0,0,1,0
344,male,25.0,2,0,13.0,0,0,1,0
345,male,36.0,2,0,13.0,0,0,1,0
346,female,24.0,2,0,13.0,0,0,1,1
347,female,40.0,2,0,13.0,0,0,1,1
348,female,30.0,3,1,16.1,0,0,1,1
349,male,3.0,3,1,15.9,0,0,1,1
350,male,42.0,3,0,8.66,0,0,1,0
351,male,23.0,3,0,9.22,0,0,1,0
352,male,30.0,1,0,35.0,0,0,1,0
353,male,15.0,3,1,7.23,1,0,0,0
354,male,25.0,3,1,17.8,0,0,1,0
355,male,30.0,3,0,7.22,1,0,0,0
356,male,28.0,3,0,9.5,0,0,1,0
357,female,22.0,1,0,55.0,0,0,1,1
358,female,38.0,2,0,13.0,0,0,1,0
359,female,30.0,3,0,7.88,0,1,0,1
360,female,30.0,3,0,7.88,0,1,0,1
361,male,40.0,3,1,27.9,0,0,1,0
362,male,29.0,2,1,27.72,1,0,0,0
363,female,45.0,3,0,14.45,1,0,0,0
364,male,35.0,3,0,7.05,0,0,1,0
365,male,30.0,3,1,15.5,0,1,0,0
366,male,30.0,3,0,7.25,0,0,1,0
367,female,60.0,1,1,75.25,1,0,0,1
368,female,30.0,3,0,7.23,1,0,0,1
369,female,30.0,3,0,7.75,0,1,0,1
370,female,24.0,1,0,69.3,1,0,0,1
371,male,25.0,1,1,55.44,1,0,0,1
372,male,18.0,3,1,6.5,0,0,1,0
373,male,19.0,3,0,8.05,0,0,1,0
374,male,22.0,1,0,135.63,1,0,0,0
375,female,3.0,3,1,21.07,0,0,1,0
376,female,30.0,1,1,82.17,1,0,0,1
377,female,22.0,3,0,7.25,0,0,1,1
378,male,27.0,1,0,211.5,1,0,0,0
379,male,20.0,3,0,4.01,1,0,0,0
380,male,19.0,3,0,7.78,0,0,1,0
381,female,42.0,1,0,227.53,1,0,0,1
382,female,1.0,3,0,15.74,1,0,0,1
383,male,32.0,3,0,7.92,0,0,1,0
384,female,35.0,1,1,52.0,0,0,1,1
385,male,30.0,3,0,7.9,0,0,1,0
386,male,18.0,2,0,73.5,0,0,1,0
387,male,1.0,3,1,46.9,0,0,1,0
388,female,36.0,2,0,13.0,0,0,1,1
389,male,30.0,3,0,7.73,0,1,0,0
390,female,17.0,2,0,12.0,1,0,0,1
391,male,36.0,1,1,120.0,0,0,1,1
392,male,21.0,3,0,7.8,0,0,1,1
393,male,28.0,3,1,7.92,0,0,1,0
394,female,23.0,1,1,113.28,1,0,0,1
395,female,24.0,3,0,16.7,0,0,1,1
396,male,22.0,3,0,7.8,0,0,1,0
397,female,31.0,3,0,7.85,0,0,1,0
398,male,46.0,2,0,26.0,0,0,1,0
399,male,23.0,2,0,10.5,0,0,1,0
400,female,28.0,2,0,12.65,0,0,1,1
401,male,39.0,3,0,7.92,0,0,1,1
402,male,26.0,3,0,8.05,0,0,1,0
403,female,21.0,3,1,9.82,0,0,1,0
404,male,28.0,3,1,15.85,0,0,1,0
405,female,20.0,3,0,8.66,0,0,1,0
406,male,34.0,2,1,21.0,0,0,1,0
407,male,51.0,3,0,7.75,0,0,1,0
408,male,3.0,2,1,18.75,0,0,1,1
409,male,21.0,3,0,7.78,0,0,1,0
410,female,30.0,3,1,25.47,0,0,1,0
411,male,30.0,3,0,7.9,0,0,1,0
412,male,30.0,3,0,6.86,0,1,0,0
413,female,33.0,1,1,90.0,0,1,0,1
414,male,30.0,2,0,0.0,0,0,1,0
415,male,44.0,3,0,7.92,0,0,1,1
416,female,30.0,3,0,8.05,0,0,1,0
417,female,34.0,2,1,32.5,0,0,1,1
418,female,18.0,2,0,13.0,0,0,1,1
419,male,30.0,2,0,13.0,0,0,1,0
420,female,10.0,3,0,24.15,0,0,1,0
421,male,30.0,3,0,7.9,1,0,0,0
422,male,21.0,3,0,7.73,0,1,0,0
423,male,29.0,3,0,7.88,0,0,1,0
424,female,28.0,3,1,14.4,0,0,1,0
425,male,18.0,3,1,20.21,0,0,1,0
426,male,30.0,3,0,7.25,0,0,1,0
427,female,28.0,2,1,26.0,0,0,1,1
428,female,19.0,2,0,26.0,0,0,1,1
429,male,30.0,3,0,7.75,0,1,0,0
430,male,32.0,3,0,8.05,0,0,1,1
431,male,28.0,1,0,26.55,0,0,1,1
432,female,30.0,3,1,16.1,0,0,1,1
433,female,42.0,2,1,26.0,0,0,1,1
434,male,17.0,3,0,7.12,0,0,1,0
435,male,50.0,1,1,55.9,0,0,1,0
436,female,14.0,1,1,120.0,0,0,1,1
437,female,21.0,3,1,34.38,0,0,1,0
438,female,24.0,2,1,18.75,0,0,1,1
439,male,64.0,1,1,263.0,0,0,1,0
440,male,31.0,2,0,10.5,0,0,1,0
441,female,45.0,2,1,26.25,0,0,1,1
442,male,20.0,3,0,9.5,0,0,1,0
443,male,25.0,3,1,7.78,0,0,1,0
444,female,28.0,2,0,13.0,0,0,1,1
445,male,30.0,3,0,8.11,0,0,1,1
446,male,4.0,1,0,81.86,0,0,1,1
447,female,13.0,2,0,19.5,0,0,1,1
448,male,34.0,1,0,26.55,0,0,1,1
449,female,5.0,3,1,19.26,1,0,0,1
450,male,52.0,1,0,30.5,0,0,1,1
451,male,36.0,2,1,27.75,0,0,1,0
452,male,30.0,3,1,19.97,0,0,1,0
453,male,30.0,1,0,27.75,1,0,0,0
454,male,49.0,1,1,89.1,1,0,0,1
455,male,30.0,3,0,8.05,0,0,1,0
456,male,29.0,3,0,7.9,1,0,0,1
457,male,65.0,1,0,26.55,0,0,1,0
458,female,30.0,1,1,51.86,0,0,1,1
459,female,50.0,2,0,10.5,0,0,1,1
460,male,30.0,3,0,7.75,0,1,0,0
461,male,48.0,1,0,26.55,0,0,1,1
462,male,34.0,3,0,8.05,0,0,1,0
463,male,47.0,1,0,38.5,0,0,1,0
464,male,48.0,2,0,13.0,0,0,1,0
465,male,30.0,3,0,8.05,0,0,1,0
466,male,38.0,3,0,7.05,0,0,1,0
467,male,30.0,2,0,0.0,0,0,1,0
468,male,56.0,1,0,26.55,0,0,1,0
469,male,30.0,3,0,7.72,0,1,0,0
470,female,0.75,3,1,19.26,1,0,0,1
471,male,30.0,3,0,7.25,0,0,1,0
472,male,38.0,3,0,8.66,0,0,1,0
473,female,33.0,2,1,27.75,0,0,1,1
474,female,23.0,2,0,13.79,1,0,0,1
475,female,22.0,3,0,9.84,0,0,1,0
476,male,30.0,1,0,52.0,0,0,1,0
477,male,34.0,2,1,21.0,0,0,1,0
478,male,29.0,3,1,7.05,0,0,1,0
479,male,22.0,3,0,7.52,0,0,1,0
480,female,2.0,3,0,12.29,0,0,1,1
481,male,9.0,3,1,46.9,0,0,1,0
482,male,30.0,2,0,0.0,0,0,1,0
483,male,50.0,3,0,8.05,0,0,1,0
484,female,63.0,3,0,9.59,0,0,1,1
485,male,25.0,1,1,91.08,1,0,0,1
486,female,30.0,3,1,25.47,0,0,1,0
487,female,35.0,1,1,90.0,0,0,1,1
488,male,58.0,1,0,29.7,1,0,0,0
489,male,30.0,3,0,8.05,0,0,1,0
490,male,9.0,3,1,15.9,0,0,1,1
491,male,30.0,3,1,19.97,0,0,1,0
492,male,21.0,3,0,7.25,0,0,1,0
493,male,55.0,1,0,30.5,0,0,1,0
494,male,71.0,1,0,49.5,1,0,0,0
495,male,21.0,3,0,8.05,0,0,1,0
496,male,30.0,3,0,14.46,1,0,0,0
497,female,54.0,1,1,78.27,1,0,0,1
498,male,30.0,3,0,15.1,0,0,1,0
499,female,25.0,1,1,151.55,0,0,1,0
500,male,24.0,3,0,7.8,0,0,1,0
501,male,17.0,3,0,8.66,0,0,1,0
502,female,21.0,3,0,7.75,0,1,0,0
503,female,30.0,3,0,7.63,0,1,0,0
504,female,37.0,3,0,9.59,0,0,1,0
505,female,16.0,1,0,86.5,0,0,1,1
506,male,18.0,1,1,108.9,1,0,0,0
507,female,33.0,2,0,26.0,0,0,1,1
508,male,30.0,1,0,26.55,0,0,1,1
509,male,28.0,3,0,22.52,0,0,1,0
510,male,26.0,3,0,56.5,0,0,1,1
511,male,29.0,3,0,7.75,0,1,0,1
512,male,30.0,3,0,8.05,0,0,1,0
513,male,36.0,1,0,26.29,0,0,1,1
514,female,54.0,1,1,59.4,1,0,0,1
515,male,24.0,3,0,7.5,0,0,1,0
516,male,47.0,1,0,34.02,0,0,1,0
517,female,34.0,2,0,10.5,0,0,1,1
518,male,30.0,3,0,24.15,0,1,0,0
519,female,36.0,2,1,26.0,0,0,1,1
520,male,32.0,3,0,7.9,0,0,1,0
521,female,30.0,1,0,93.5,0,0,1,1
522,male,22.0,3,0,7.9,0,0,1,0
523,male,30.0,3,0,7.22,1,0,0,0
524,female,44.0,1,0,57.98,1,0,0,1
525,male,30.0,3,0,7.23,1,0,0,0
526,male,40.0,3,0,7.75,0,1,0,0
527,female,50.0,2,0,10.5,0,0,1,1
528,male,30.0,1,0,221.78,0,0,1,0
529,male,39.0,3,0,7.92,0,0,1,0
530,male,23.0,2,1,11.5,0,0,1,0
531,female,2.0,2,1,26.0,0,0,1,1
532,male,30.0,3,0,7.23,1,0,0,0
533,male,17.0,3,1,7.23,1,0,0,0
534,female,30.0,3,0,22.36,1,0,0,1
535,female,30.0,3,0,8.66,0,0,1,0
536,female,7.0,2,0,26.25,0,0,1,1
537,male,45.0,1,0,26.55,0,0,1,0
538,female,30.0,1,0,106.42,1,0,0,1
539,male,30.0,3,0,14.5,0,0,1,0
540,female,22.0,1,0,49.5,1,0,0,1
541,female,36.0,1,0,71.0,0,0,1,1
542,female,9.0,3,1,31.27,0,0,1,0
543,female,11.0,3,1,31.27,0,0,1,0
544,male,32.0,2,1,26.0,0,0,1,1
545,male,50.0,1,1,106.42,1,0,0,0
546,male,64.0,1,0,26.0,0,0,1,0
547,female,19.0,2,1,26.0,0,0,1,1
548,male,30.0,2,0,13.86,1,0,0,1
549,male,33.0,3,1,20.52,0,0,1,0
550,male,8.0,2,1,36.75,0,0,1,1
551,male,17.0,1,0,110.88,1,0,0,1
552,male,27.0,2,0,26.0,0,0,1,0
553,male,30.0,3,0,7.83,0,1,0,0
554,male,22.0,3,0,7.22,1,0,0,1
555,female,22.0,3,0,7.78,0,0,1,1
556,male,62.0,1,0,26.55,0,0,1,0
557,female,48.0,1,1,39.6,1,0,0,1
558,male,30.0,1,0,227.53,1,0,0,0
559,female,39.0,1,1,79.65,0,0,1,1
560,female,36.0,3,1,17.4,0,0,1,1
561,male,30.0,3,0,7.75,0,1,0,0
562,male,40.0,3,0,7.9,0,0,1,0
563,male,28.0,2,0,13.5,0,0,1,0
564,male,30.0,3,0,8.05,0,0,1,0
565,female,30.0,3,0,8.05,0,0,1,0
566,male,24.0,3,1,24.15,0,0,1,0
567,male,19.0,3,0,7.9,0,0,1,0
568,female,29.0,3,0,21.07,0,0,1,0
569,male,30.0,3,0,7.23,1,0,0,0
570,male,32.0,3,0,7.85,0,0,1,1
571,male,62.0,2,0,10.5,0,0,1,1
572,female,53.0,1,1,51.48,0,0,1,1
573,male,36.0,1,0,26.39,0,0,1,1
574,female,30.0,3,0,7.75,0,1,0,1
575,male,16.0,3,0,8.05,0,0,1,0
576,male,19.0,3,0,14.5,0,0,1,0
577,female,34.0,2,0,13.0,0,0,1,1
578,female,39.0,1,1,55.9,0,0,1,1
579,female,30.0,3,1,14.46,1,0,0,0
580,male,32.0,3,0,7.92,0,0,1,1
581,female,25.0,2,1,30.0,0,0,1,1
582,female,39.0,1,1,110.88,1,0,0,1
583,male,54.0,2,0,26.0,0,0,1,0
584,male,36.0,1,0,40.12,1,0,0,0
585,male,30.0,3,0,8.71,1,0,0,0
586,female,18.0,1,0,79.65,0,0,1,1
587,male,47.0,2,0,15.0,0,0,1,0
588,male,60.0,1,1,79.2,1,0,0,1
589,male,22.0,3,0,8.05,0,0,1,0
590,male,30.0,3,0,8.05,0,0,1,0
591,male,35.0,3,0,7.12,0,0,1,0
592,female,52.0,1,1,78.27,1,0,0,1
593,male,47.0,3,0,7.25,0,0,1,0
594,female,30.0,3,0,7.75,0,1,0,0
595,male,37.0,2,1,26.0,0,0,1,0
596,male,36.0,3,1,24.15,0,0,1,0
597,female,30.0,2,0,33.0,0,0,1,1
598,male,49.0,3,0,0.0,0,0,1,0
599,male,30.0,3,0,7.22,1,0,0,0
600,male,49.0,1,1,56.93,1,0,0,1
601,female,24.0,2,1,27.0,0,0,1,1
602,male,30.0,3,0,7.9,0,0,1,0
603,male,30.0,1,0,42.4,0,0,1,0
604,male,44.0,3,0,8.05,0,0,1,0
605,male,35.0,1,0,26.55,1,0,0,1
606,male,36.0,3,1,15.55,0,0,1,0
607,male,30.0,3,0,7.9,0,0,1,0
608,male,27.0,1,0,30.5,0,0,1,1
609,female,22.0,2,1,41.58,1,0,0,1
610,female,40.0,1,0,153.46,0,0,1,1
611,female,39.0,3,1,31.27,0,0,1,0
612,male,30.0,3,0,7.05,0,0,1,0
613,female,30.0,3,1,15.5,0,1,0,1
614,male,30.0,3,0,7.75,0,1,0,0
615,male,35.0,3,0,8.05,0,0,1,0
616,female,24.0,2,1,65.0,0,0,1,1
617,male,34.0,3,1,14.4,0,0,1,0
618,female,26.0,3,1,16.1,0,0,1,0
619,female,4.0,2,1,39.0,0,0,1,1
620,male,26.0,2,0,10.5,0,0,1,0
621,male,27.0,3,1,14.45,1,0,0,0
622,male,42.0,1,1,52.55,0,0,1,1
623,male,20.0,3,1,15.74,1,0,0,1
624,male,21.0,3,0,7.85,0,0,1,0
625,male,21.0,3,0,16.1,0,0,1,0
626,male,61.0,1,0,32.32,0,0,1,0
627,male,57.0,2,0,12.35,0,1,0,0
628,female,21.0,1,0,77.96,0,0,1,1
629,male,26.0,3,0,7.9,0,0,1,0
630,male,30.0,3,0,7.73,0,1,0,0
631,male,80.0,1,0,30.0,0,0,1,1
632,male,51.0,3,0,7.05,0,0,1,0
633,male,32.0,1,0,30.5,1,0,0,1
634,male,30.0,1,0,0.0,0,0,1,0
635,female,9.0,3,1,27.9,0,0,1,0
636,female,28.0,2,0,13.0,0,0,1,1
637,male,32.0,3,0,7.92,0,0,1,0
638,male,31.0,2,1,26.25,0,0,1,0
639,female,41.0,3,0,39.69,0,0,1,0
640,male,30.0,3,1,16.1,0,0,1,0
641,male,20.0,3,0,7.85,0,0,1,0
642,female,24.0,1,0,69.3,1,0,0,1
643,female,2.0,3,1,27.9,0,0,1,0
644,male,30.0,3,0,56.5,0,0,1,1
645,female,0.75,3,1,19.26,1,0,0,1
646,male,48.0,1,1,76.73,1,0,0,1
647,male,19.0,3,0,7.9,0,0,1,0
648,male,56.0,1,0,35.5,1,0,0,1
649,male,30.0,3,0,7.55,0,0,1,0
650,female,23.0,3,0,7.55,0,0,1,1
651,male,30.0,3,0,7.9,0,0,1,0
652,female,18.0,2,0,23.0,0,0,1,1
653,male,21.0,3,0,8.43,0,0,1,0
654,female,30.0,3,0,7.83,0,1,0,1
655,female,18.0,3,0,6.75,0,1,0,0
656,male,24.0,2,1,73.5,0,0,1,0
657,male,30.0,3,0,7.9,0,0,1,0
658,female,32.0,3,1,15.5,0,1,0,0
659,male,23.0,2,0,13.0,0,0,1,0
660,male,58.0,1,0,113.28,1,0,0,0
661,male,50.0,1,1,133.65,0,0,1,1
662,male,40.0,3,0,7.22,1,0,0,0
663,male,47.0,1,0,25.59,0,0,1,0
664,male,36.0,3,0,7.5,0,0,1,0
665,male,20.0,3,1,7.92,0,0,1,1
666,male,32.0,2,1,73.5,0,0,1,0
667,male,25.0,2,0,13.0,0,0,1,0
668,male,30.0,3,0,7.78,0,0,1,0
669,male,43.0,3,0,8.05,0,0,1,0
670,female,30.0,1,1,52.0,0,0,1,1
671,female,40.0,2,1,39.0,0,0,1,1
672,male,31.0,1,1,52.0,0,0,1,0
673,male,70.0,2,0,10.5,0,0,1,0
674,male,31.0,2,0,13.0,0,0,1,1
675,male,30.0,2,0,0.0,0,0,1,0
676,male,18.0,3,0,7.78,0,0,1,0
677,male,24.0,3,0,8.05,0,0,1,0
678,female,18.0,3,0,9.84,0,0,1,1
679,female,43.0,3,1,46.9,0,0,1,0
680,male,36.0,1,0,512.33,1,0,0,1
681,female,30.0,3,0,8.14,0,1,0,0
682,male,27.0,1,0,76.73,1,0,0,1
683,male,20.0,3,0,9.22,0,0,1,0
684,male,14.0,3,1,46.9,0,0,1,0
685,male,60.0,2,1,39.0,0,0,1,0
686,male,25.0,2,1,41.58,1,0,0,0
687,male,14.0,3,1,39.69,0,0,1,0
688,male,19.0,3,0,10.17,0,0,1,0
689,male,18.0,3,0,7.8,0,0,1,0
690,female,15.0,1,0,211.34,0,0,1,1
691,male,31.0,1,1,57.0,0,0,1,1
692,female,4.0,3,0,13.42,1,0,0,1
693,male,30.0,3,0,56.5,0,0,1,1
694,male,25.0,3,0,7.22,1,0,0,0
695,male,60.0,1,0,26.55,0,0,1,0
696,male,52.0,2,0,13.5,0,0,1,0
697,male,44.0,3,0,8.05,0,0,1,0
698,female,30.0,3,0,7.73,0,1,0,1
699,male,49.0,1,1,110.88,1,0,0,0
700,male,42.0,3,0,7.65,0,0,1,0
701,female,18.0,1,1,227.53,1,0,0,1
702,male,35.0,1,0,26.29,0,0,1,1
703,female,18.0,3,0,14.45,1,0,0,0
704,male,25.0,3,0,7.74,0,1,0,0
705,male,26.0,3,1,7.85,0,0,1,0
706,male,39.0,2,0,26.0,0,0,1,0
707,female,45.0,2,0,13.5,0,0,1,1
708,male,42.0,1,0,26.29,0,0,1,1
709,female,22.0,1,0,151.55,0,0,1,1
710,male,30.0,3,1,15.25,1,0,0,1
711,female,24.0,1,0,49.5,1,0,0,1
712,male,30.0,1,0,26.55,0,0,1,0
713,male,48.0,1,1,52.0,0,0,1,1
714,male,29.0,3,0,9.48,0,0,1,0
715,male,52.0,2,0,13.0,0,0,1,0
716,male,19.0,3,0,7.65,0,0,1,0
717,female,38.0,1,0,227.53,1,0,0,1
718,female,27.0,2,0,10.5,0,0,1,1
719,male,30.0,3,0,15.5,0,1,0,0
720,male,33.0,3,0,7.78,0,0,1,0
721,female,6.0,2,0,33.0,0,0,1,1
722,male,17.0,3,1,7.05,0,0,1,0
723,male,34.0,2,0,13.0,0,0,1,0
724,male,50.0,2,0,13.0,0,0,1,0
725,male,27.0,1,1,53.1,0,0,1,1
726,male,20.0,3,0,8.66,0,0,1,0
727,female,30.0,2,1,21.0,0,0,1,1
728,female,30.0,3,0,7.74,0,1,0,1
729,male,25.0,2,1,26.0,0,0,1,0
730,female,25.0,3,1,7.92,0,0,1,0
731,female,29.0,1,0,211.34,0,0,1,1
732,male,11.0,3,0,18.79,1,0,0,0
733,male,30.0,2,0,0.0,0,0,1,0
734,male,23.0,2,0,13.0,0,0,1,0
735,male,23.0,2,0,13.0,0,0,1,0
736,male,28.0,3,0,16.1,0,0,1,0
737,female,48.0,3,1,34.38,0,0,1,0
738,male,35.0,1,0,512.33,1,0,0,1
739,male,30.0,3,0,7.9,0,0,1,0
740,male,30.0,3,0,7.9,0,0,1,0
741,male,30.0,1,0,30.0,0,0,1,1
742,male,36.0,1,1,78.85,0,0,1,0
743,female,21.0,1,1,262.38,1,0,0,1
744,male,24.0,3,1,16.1,0,0,1,0
745,male,31.0,3,0,7.92,0,0,1,1
746,male,70.0,1,1,71.0,0,0,1,0
747,male,16.0,3,1,20.25,0,0,1,0
748,female,30.0,2,0,13.0,0,0,1,1
749,male,19.0,1,1,53.1,0,0,1,0
750,male,31.0,3,0,7.75,0,1,0,0
751,female,4.0,2,1,23.0,0,0,1,1
752,male,6.0,3,0,12.47,0,0,1,1
753,male,33.0,3,0,9.5,0,0,1,0
754,male,23.0,3,0,7.9,0,0,1,0
755,female,48.0,2,1,65.0,0,0,1,1
756,male,0.67,2,1,14.5,0,0,1,1
757,male,28.0,3,0,7.8,0,0,1,0
758,male,18.0,2,0,11.5,0,0,1,0
759,male,34.0,3,0,8.05,0,0,1,0
760,female,33.0,1,0,86.5,0,0,1,1
761,male,30.0,3,0,14.5,0,0,1,0
762,male,41.0,3,0,7.12,0,0,1,0
763,male,20.0,3,0,7.23,1,0,0,1
764,female,36.0,1,1,120.0,0,0,1,1
765,male,16.0,3,0,7.78,0,0,1,0
766,female,51.0,1,1,77.96,0,0,1,1
767,male,30.0,1,0,39.6,1,0,0,0
768,female,30.0,3,0,7.75,0,1,0,0
769,male,30.0,3,1,24.15,0,1,0,0
770,male,32.0,3,0,8.36,0,0,1,0
771,male,24.0,3,0,9.5,0,0,1,0
772,male,48.0,3,0,7.85,0,0,1,0
773,female,57.0,2,0,10.5,0,0,1,0
774,male,30.0,3,0,7.22,1,0,0,0
775,female,54.0,2,1,23.0,0,0,1,1
776,male,18.0,3,0,7.75,0,0,1,0
777,male,30.0,3,0,7.75,0,1,0,0
778,female,5.0,3,0,12.47,0,0,1,1
779,male,30.0,3,0,7.74,0,1,0,0
780,female,43.0,1,0,211.34,0,0,1,1
781,female,13.0,3,0,7.23,1,0,0,1
782,female,17.0,1,1,57.0,0,0,1,1
783,male,29.0,1,0,30.0,0,0,1,0
784,male,30.0,3,1,23.45,0,0,1,0
785,male,25.0,3,0,7.05,0,0,1,0
786,male,25.0,3,0,7.25,0,0,1,0
787,female,18.0,3,0,7.5,0,0,1,1
788,male,8.0,3,1,29.12,0,1,0,0
789,male,1.0,3,1,20.57,0,0,1,1
790,male,46.0,1,0,79.2,1,0,0,0
791,male,30.0,3,0,7.75,0,1,0,0
792,male,16.0,2,0,26.0,0,0,1,0
793,female,30.0,3,1,69.55,0,0,1,0
794,male,30.0,1,0,30.7,1,0,0,0
795,male,25.0,3,0,7.9,0,0,1,0
796,male,39.0,2,0,13.0,0,0,1,0
797,female,49.0,1,0,25.93,0,0,1,1
798,female,31.0,3,0,8.68,0,0,1,1
799,male,30.0,3,0,7.23,1,0,0,0
800,female,30.0,3,1,24.15,0,0,1,0
801,male,34.0,2,0,13.0,0,0,1,0
802,female,31.0,2,1,26.25,0,0,1,1
803,male,11.0,1,1,120.0,0,0,1,1
804,male,0.42,3,0,8.52,1,0,0,1
805,male,27.0,3,0,6.97,0,0,1,1
806,male,31.0,3,0,7.78,0,0,1,0
807,male,39.0,1,0,0.0,0,0,1,0
808,female,18.0,3,0,7.78,0,0,1,0
809,male,39.0,2,0,13.0,0,0,1,0
810,female,33.0,1,1,53.1,0,0,1,1
811,male,26.0,3,0,7.89,0,0,1,0
812,male,39.0,3,0,24.15,0,0,1,0
813,male,35.0,2,0,10.5,0,0,1,0
814,female,6.0,3,1,31.27,0,0,1,0
815,male,30.0,3,0,8.05,0,0,1,0
816,male,30.0,1,0,0.0,0,0,1,0
817,female,23.0,3,0,7.92,0,0,1,0
818,male,31.0,2,1,37.0,1,0,0,0
819,male,43.0,3,0,6.45,0,0,1,0
820,male,10.0,3,1,27.9,0,0,1,0
821,female,52.0,1,1,93.5,0,0,1,1
822,male,27.0,3,0,8.66,0,0,1,1
823,male,38.0,1,0,0.0,0,0,1,0
824,female,27.0,3,0,12.47,0,0,1,1
825,male,2.0,3,1,39.69,0,0,1,0
826,male,30.0,3,0,6.95,0,1,0,0
827,male,30.0,3,0,56.5,0,0,1,0
828,male,1.0,2,0,37.0,1,0,0,1
829,male,30.0,3,0,7.75,0,1,0,1
830,female,62.0,1,0,80.0,0,0,1,1
831,female,15.0,3,1,14.45,1,0,0,1
832,male,0.83,2,1,18.75,0,0,1,1
833,male,30.0,3,0,7.23,1,0,0,0
834,male,23.0,3,0,7.85,0,0,1,0
835,male,18.0,3,0,8.3,0,0,1,0
836,female,39.0,1,1,83.16,1,0,0,1
837,male,21.0,3,0,8.66,0,0,1,0
838,male,30.0,3,0,8.05,0,0,1,0
839,male,32.0,3,0,56.5,0,0,1,1
840,male,30.0,1,0,29.7,1,0,0,1
841,male,20.0,3,0,7.92,0,0,1,0
842,male,16.0,2,0,10.5,0,0,1,0
843,female,30.0,1,0,31.0,1,0,0,1
844,male,34.0,3,0,6.44,1,0,0,0
845,male,17.0,3,0,8.66,0,0,1,0
846,male,42.0,3,0,7.55,0,0,1,0
847,male,30.0,3,1,69.55,0,0,1,0
848,male,35.0,3,0,7.9,1,0,0,0
849,male,28.0,2,0,33.0,0,0,1,0
850,female,30.0,1,1,89.1,1,0,0,1
851,male,4.0,3,1,31.27,0,0,1,0
852,male,74.0,3,0,7.78,0,0,1,0
853,female,9.0,3,1,15.25,1,0,0,0
854,female,16.0,1,0,39.4,0,0,1,1
855,female,44.0,2,1,26.0,0,0,1,0
856,female,18.0,3,0,9.35,0,0,1,1
857,female,45.0,1,1,164.87,0,0,1,1
858,male,51.0,1,0,26.55,0,0,1,1
859,female,24.0,3,0,19.26,1,0,0,1
860,male,30.0,3,0,7.23,1,0,0,0
861,male,41.0,3,1,14.11,0,0,1,0
862,male,21.0,2,1,11.5,0,0,1,0
863,female,48.0,1,0,25.93,0,0,1,1
864,female,30.0,3,1,69.55,0,0,1,0
865,male,24.0,2,0,13.0,0,0,1,0
866,female,42.0,2,0,13.0,0,0,1,1
867,female,27.0,2,1,13.86,1,0,0,1
868,male,31.0,1,0,50.5,0,0,1,0
869,male,30.0,3,0,9.5,0,0,1,0
870,male,4.0,3,1,11.13,0,0,1,1
871,male,26.0,3,0,7.9,0,0,1,0
872,female,47.0,1,1,52.55,0,0,1,1
873,male,33.0,1,0,5.0,0,0,1,0
874,male,47.0,3,0,9.0,0,0,1,0
875,female,28.0,2,1,24.0,1,0,0,1
876,female,15.0,3,0,7.22,1,0,0,1
877,male,20.0,3,0,9.85,0,0,1,0
878,male,19.0,3,0,7.9,0,0,1,0
879,male,30.0,3,0,7.9,0,0,1,0
880,female,56.0,1,0,83.16,1,0,0,1
881,female,25.0,2,0,26.0,0,0,1,1
882,male,33.0,3,0,7.9,0,0,1,0
883,female,22.0,3,0,10.52,0,0,1,0
884,male,28.0,2,0,10.5,0,0,1,0
885,male,25.0,3,0,7.05,0,0,1,0
886,female,39.0,3,0,29.12,0,1,0,0
887,male,27.0,2,0,13.0,0,0,1,0
888,female,19.0,1,0,30.0,0,0,1,1
889,female,30.0,3,1,23.45,0,0,1,0
890,male,26.0,1,0,30.0,1,0,0,1
891,male,32.0,3,0,7.75,0,1,0,0
